time_range,wpm,pitch_mean,mfcc_1,mfcc_2,mfcc_3,mfcc_4,mfcc_5,mfcc_6,mfcc_7,mfcc_8,mfcc_9,mfcc_10,mfcc_11,mfcc_12,mfcc_13
00.00-05.00,4227.272727272727,694.7015,-479.6412353515625,93.01713562011719,25.095699310302734,22.328325271606445,7.472718238830566,11.476263046264648,2.6166577339172363,7.73254919052124,-2.5709753036499023,-2.951941728591919,-6.478596210479736,-2.365187168121338,-5.7698163986206055
05.00-10.00,4379.280821917809,943.66614,-249.3061065673828,80.38983917236328,12.583831787109375,15.777207374572754,-20.039613723754883,-16.982032775878906,-18.481225967407227,4.41404914855957,-10.183297157287598,-9.091187477111816,-9.00210952758789,-10.498922348022461,0.626056432723999
10.00-15.00,4727.356746765249,908.8989,-271.9589538574219,86.87833404541016,17.44020652770996,9.46683406829834,-19.066696166992188,-10.825994491577148,-18.405506134033203,3.549710512161255,-8.557842254638672,-10.065634727478027,-8.902088165283203,-12.7783842086792,4.595021724700928
15.00-20.00,4463.350785340314,1370.0985,-249.2317352294922,78.5397720336914,9.234135627746582,13.299941062927246,-19.54015350341797,-20.83896827697754,-14.254475593566895,4.4075517654418945,-8.794454574584961,-10.067025184631348,-11.767409324645996,-12.459748268127441,3.6236677169799805
20.00-25.00,5064.3564356435645,936.5646,-284.13372802734375,93.42333221435547,19.35647964477539,22.908180236816406,-14.782211303710938,-17.734670639038086,-15.004889488220215,3.001577138900757,-10.615765571594238,-12.940443992614746,-8.899049758911133,-9.586151123046875,0.6491130590438843
25.00-30.00,6253.056234718827,1123.7924,-315.111328125,85.57108306884766,17.92841339111328,15.820287704467773,-13.828295707702637,-4.825306415557861,-8.943245887756348,3.0230023860931396,-7.3511223793029785,-9.345026969909668,-9.25300121307373,-9.34703540802002,0.251365602016449
30.00-35.00,4098.557692307692,942.29834,-250.8986358642578,73.924560546875,26.54245948791504,16.949567794799805,-22.78122901916504,-13.283943176269531,-21.732696533203125,6.022496700286865,-15.344404220581055,-11.05866527557373,-11.814946174621582,-10.7391939163208,1.5678502321243286
35.00-40.00,5230.061349693252,1171.4427,-283.97552490234375,77.4045181274414,18.635080337524414,23.822185516357422,-20.282752990722656,-15.089343070983887,-11.605631828308105,3.8342394828796387,-12.605568885803223,-10.395554542541504,-11.255202293395996,-4.369022846221924,0.27442899346351624
40.00-45.00,5608.5526315789475,1049.5588,-297.6092834472656,88.84849548339844,19.03403663635254,14.082916259765625,-20.452808380126953,-6.820286750793457,-12.242445945739746,5.7519001960754395,-10.500710487365723,-8.621841430664062,-10.58631706237793,-4.942259788513184,-0.20574678480625153
45.00-50.00,4283.9195979899505,1137.3026,-244.13458251953125,78.67809295654297,18.860095977783203,18.72430992126465,-19.489885330200195,-12.133432388305664,-23.785724639892578,4.809173583984375,-15.021991729736328,-10.453034400939941,-11.905417442321777,-10.035566329956055,2.8759799003601074
50.00-55.00,5406.976744186047,903.1956,-290.65545654296875,76.52558135986328,24.229976654052734,24.783021926879883,-16.71343421936035,-16.176652908325195,-12.796022415161133,3.918016195297241,-12.614660263061523,-11.527771949768066,-10.335661888122559,-8.218707084655762,2.731881856918335
55.00-60.00,4291.107382550335,1179.1105,-253.96096801757812,81.48461151123047,23.067974090576172,13.9636869430542,-18.181821823120117,-13.913860321044922,-22.73862075805664,5.718423366546631,-15.282998085021973,-10.605142593383789,-13.077898025512695,-10.003338813781738,4.996829509735107
60.00-65.00,6856.56836461126,1128.6184,-308.03228759765625,71.27578735351562,20.725160598754883,17.72173309326172,-12.54674243927002,-14.73005485534668,-4.7494611740112305,3.201219320297241,-8.293096542358398,-8.513965606689453,-9.450851440429688,-4.1368865966796875,-3.8292970657348633
65.00-70.00,5024.557956777996,959.9223,-285.1526184082031,87.5272445678711,19.61542320251465,13.849508285522461,-17.979917526245117,-16.212650299072266,-10.513015747070312,1.7624434232711792,-11.327064514160156,-8.97584056854248,-11.019968032836914,-4.865436553955078,2.0363998413085938
70.00-75.00,5064.3564356435645,1159.0988,-293.7743225097656,79.20594024658203,21.332313537597656,24.65679359436035,-13.256725311279297,-17.578916549682617,-13.477226257324219,7.176643371582031,-17.79239845275879,-7.604767322540283,-11.540929794311523,-7.155529022216797,0.9217976331710815
75.00-80.00,4658.46994535519,1155.677,-269.5079345703125,79.66854095458984,16.82399559020996,27.45222282409668,-15.936197280883789,-24.488462448120117,-15.663369178771973,0.6257144212722778,-12.234979629516602,-13.451295852661133,-7.400869369506836,-11.497788429260254,4.036625385284424
80.00-85.00,5906.466512702078,898.4484,-302.7535400390625,79.91360473632812,21.399192810058594,12.505684852600098,-7.102128505706787,-11.942056655883789,-12.260793685913086,8.036643028259277,-10.518086433410645,-7.708863735198975,-9.351786613464355,-7.554800033569336,1.2909878492355347
85.00-90.00,5145.875251509054,1076.9689,-280.19415283203125,81.33052825927734,17.6787052154541,15.619162559509277,-18.36009407043457,-12.207828521728516,-11.539003372192383,-1.6749850511550903,-8.78868579864502,-10.73670482635498,-8.54432201385498,-8.316373825073242,0.0250632893294096
90.00-95.00,4178.921568627451,1100.8279,-254.81991577148438,85.28327178955078,10.056456565856934,23.479249954223633,-29.3599910736084,-17.185501098632812,-9.450104713439941,-2.328115940093994,-17.63668441772461,-9.459432601928711,-9.944682121276855,-7.508232593536377,0.7525978088378906
95.00-100.00,4843.749999999999,936.2916,-285.3919677734375,83.23472595214844,26.84505271911621,15.020660400390625,-17.466136932373047,-19.18844985961914,-14.215083122253418,3.23712420463562,-12.009065628051758,-13.59141731262207,-8.536745071411133,-2.4042000770568848,0.4992230534553528
100.00-105.00,4985.380116959064,980.1169,-271.5823669433594,90.14868927001953,9.290106773376465,12.903449058532715,-19.738235473632812,-13.15158462524414,-17.461666107177734,9.905468940734863,-13.428244590759277,-6.3915019035339355,-12.508841514587402,-3.055999755859375,2.0181357860565186
105.00-110.00,6192.493946731236,937.3292,-314.24078369140625,83.22896575927734,24.26020622253418,17.51261329650879,-9.528135299682617,-9.964934349060059,-11.976451873779297,3.90916109085083,-14.40496826171875,-9.7715482711792,-8.921034812927246,-6.402810096740723,0.9136959910392761
110.00-115.00,4946.808510638298,1129.7634,-272.89276123046875,79.63103485107422,22.592994689941406,8.512165069580078,-16.110414505004883,-12.714396476745605,-17.252117156982422,2.1631038188934326,-11.726279258728027,-8.933542251586914,-8.560394287109375,-4.279059886932373,0.9728454947471619
115.00-120.00,4401.893287435457,1064.5043,-262.6544189453125,77.97611236572266,20.886821746826172,20.27884864807129,-17.144033432006836,-23.609346389770508,-15.328392028808594,2.4806768894195557,-14.198887825012207,-8.456372261047363,-11.217613220214844,-6.485659122467041,2.566882848739624
120.00-125.00,4985.380116959064,1103.6123,-287.8934020996094,80.54901123046875,21.23582649230957,16.929927825927734,-11.952690124511719,-12.692572593688965,-15.108118057250977,6.872713088989258,-13.152348518371582,-8.190289497375488,-10.090423583984375,-7.258981704711914,2.6254191398620605
125.00-130.00,4312.816188870152,1137.2622,-232.84390258789062,75.57504272460938,16.109025955200195,16.09215545654297,-25.548921585083008,-15.955726623535156,-16.282440185546875,0.5900219082832336,-14.693665504455566,-8.875905990600586,-12.76224422454834,-6.717858791351318,0.4053581953048706
130.00-135.00,4692.660550458715,890.7773,-278.9242248535156,96.11212921142578,21.330646514892578,14.404800415039062,-28.988048553466797,-11.506192207336426,-9.4652681350708,-1.0809210538864136,-14.271223068237305,-9.929205894470215,-10.283336639404297,-5.0846710205078125,-1.2281339168548584
135.00-140.00,6017.64705882353,983.7362,-318.9141845703125,91.16468811035156,16.103618621826172,20.43862533569336,-17.356212615966797,-7.103643894195557,-8.990013122558594,5.882164478302002,-7.006621360778809,-8.624269485473633,-10.32750415802002,-2.4080395698547363,-3.2795729637145996
140.00-145.00,4342.105263157895,1245.2673,-247.36082458496094,83.38510131835938,16.745038986206055,11.636127471923828,-31.014728546142578,-13.987430572509766,-12.714783668518066,-0.07764993607997894,-8.248416900634766,-12.53906536102295,-11.234466552734375,-3.484752893447876,-3.3722496032714844
145.00-150.00,4320.101351351352,1054.2603,-255.90455627441406,78.54291534423828,11.938471794128418,19.436063766479492,-23.71531867980957,-20.618091583251953,-11.55172348022461,6.399738311767578,-14.860662460327148,-9.851333618164062,-10.741972923278809,-5.973862171173096,0.27212777733802795
150.00-155.00,5240.77868852459,933.2362,-281.6947021484375,88.7559814453125,13.960912704467773,13.607831954956055,-24.06081199645996,-18.02031898498535,-6.61658239364624,4.288846015930176,-11.83753776550293,-8.80950927734375,-8.542731285095215,-4.3051228523254395,-3.7151834964752197
155.00-160.00,4591.561938958707,1232.1802,-250.69583129882812,61.227108001708984,16.186986923217773,25.54676055908203,-25.397119522094727,-18.89495277404785,-14.711870193481445,7.626436710357666,-14.020946502685547,-10.727616310119629,-7.674229145050049,-8.525568962097168,-2.3336997032165527
160.00-165.00,4624.773960216998,967.0864,-270.4171447753906,77.95439910888672,20.56756019592285,13.350482940673828,-16.186206817626953,-17.39789390563965,-12.46397876739502,9.886427879333496,-16.076404571533203,-9.098993301391602,-6.664766311645508,-7.996273994445801,5.4547741456190124e-05
165.00-170.00,5747.191011235955,939.5087,-305.4682922363281,83.51844024658203,17.507741928100586,15.127357482910156,-15.580737113952637,-8.429718971252441,-9.840506553649902,6.003859043121338,-11.401246070861816,-8.704453468322754,-8.176513671875,-8.98194408416748,0.8465209007263184
170.00-175.00,4494.727592267136,1248.955,-265.72894287109375,86.50751495361328,16.402305603027344,12.138344764709473,-24.98416519165039,-13.372114181518555,-13.047521591186523,2.332381248474121,-13.105121612548828,-11.523151397705078,-8.245150566101074,-9.591507911682129,5.602748394012451
175.00-180.00,4946.808510638298,903.7102,-285.5765380859375,85.15424346923828,21.32939338684082,9.19740104675293,-12.096990585327148,-14.122438430786133,-13.316880226135254,9.576507568359375,-12.453392028808594,-10.728259086608887,-9.726140022277832,-9.784643173217773,2.136342763900757
180.00-185.00,5034.4488188976375,879.93756,-291.8077392578125,81.85100555419922,20.59234619140625,15.146225929260254,-13.270857810974121,-11.963090896606445,-11.34560489654541,8.150124549865723,-14.154013633728027,-8.53890323638916,-7.155334949493408,-9.806181907653809,0.07371141761541367
185.00-186.05,19522.90076335878,445.0831,-476.4367980957031,100.4059066772461,24.862125396728516,26.351470947265625,11.323562622070312,12.210565567016602,3.919189929962158,4.116543292999268,-2.2676985263824463,0.903301477432251,-7.4945831298828125,-3.4364752769470215,-4.41028356552124
